Aaden,
Aarav,
Aaron,
Aarush,
Abdiel,
Abdullah,
Abel,
Abraham,
Abram,
Ace,
Achilles,
Adam,
Adan,
Aden,
Adonis,
Adrian,
Adriel,
Adrien,
Agustin,
Ahmad,
Ahmed,
Aidan,
Aiden,
Alan,
Albert,
Alberto,
Alden,
Aldo,
Alec,
Alejandro,
Alessandro,
Alex,
Alexander,
Alexis,
Alexzander,
Alfonso,
Alfred,
Alfredo,
Ali,
Alijah,
Allan,
Allen,
Alonso,
Alonzo,
Alvaro,
Alvin,
Amare,
Amari,
Ameer,
Amir,
Amos,
Anakin,
Anders,
Anderson,
Andre,
Andres,
Andrew,
Andy,
Angel,
Angelo,
Anson,
Anthony,
Antoine,
Anton,
Antonio,
Apollo,
Archer,
Ares,
Ari,
Arian,
Ariel,
Arjun,
Arlo,
Armando,
Armani,
Aron,
Arthur,
Arturo,
Aryan,
Asa,
Asher,
Ashton,
Atlas,
Atticus,
August,
Augustine,
Augustus,
Austin,
Avery,
Avi,
Axel,
Axl,
Axton,
Ayaan,
Aydan,
Ayden,
Aydin,
Azariah,
Barrett,
Baylor,
Beau,
Beckett,
Beckham,
Ben,
Benjamin,
Bennett,
Benson,
Bentlee,
Bentley,
Benton,
Billy,
Bishop,
Blaine,
Blaise,
Blake,
Blaze,
Bo,
Bobby,
Bode,
Boden,
Bodhi,
Bodie,
Boone,
Boston,
Bowen,
Braden,
Bradley,
Brady,
Braeden,
Braiden,
Brandon,
Branson,
Brantlee,
Brantley,
Braxton,
Brayan,
Brayden,
Braydon,
Braylen,
Braylon,
Brecken,
Brendan,
Brenden,
Brennan,
Brent,
Brentley,
Brett,
Brian,
Briar,
Brice,
Briggs,
Brixton,
Brock,
Brodie,
Brody,
Bronson,
Brooks,
Bruce,
Bruno,
Bryan,
Bryant,
Bryce,
Brycen,
Bryson,
Byron,
Cade,
Caden,
Caiden,
Cain,
Cairo,
Caleb,
Callan,
Callen,
Callum,
Calvin,
Camden,
Camdyn,
Cameron,
Camilo,
Camren,
Camron,
Canaan,
Cannon,
Carl,
Carlos,
Carmelo,
Carson,
Carter,
Case,
Casen,
Casey,
Cash,
Cason,
Cassius,
Castiel,
Cayden,
Cayson,
Cedric,
Cesar,
Chace,
Chad,
Chaim,
Chance,
Chandler,
Channing,
Charles,
Charlie,
Chase,
Chevy,
Chris,
Christian,
Christopher,
Clark,
Clay,
Clayton,
Clyde,
Cody,
Coen,
Cohen,
Colby,
Cole,
Coleman,
Colin,
Collin,
Colt,
Colten,
Colton,
Conner,
Connor,
Conor,
Conrad,
Cooper,
Corbin,
Corey,
Cory,
Craig,
Crew,
Cristian,
Cristiano,
Cristopher,
Crosby,
Cruz,
Cullen,
Curtis,
Cyrus,
Dakota,
Dallas,
Dalton,
Damari,
Damien,
Damon,
Dane,
Dangelo,
Daniel,
Danny,
Dante,
Darian,
Dariel,
Dario,
Darius,
Darrell,
Darren,
Darwin,
Dash,
Davian,
David,
Davin,
Davion,
Davis,
Dawson,
Dax,
Daxton,
Dayton,
Deacon,
Dean,
Deandre,
Deangelo,
Declan,
Demetrius,
Dennis,
Denver,
Derek,
Derrick,
Deshawn,
Desmond,
Devin,
Devon,
Dexter,
Diego,
Dilan,
Dillon,
Dimitri,
Dominic,
Dominick,
Dominik,
Dominique,
Donald,
Donovan,
Dorian,
Douglas,
Drake,
Draven,
Drew,
Duke,
Duncan,
Dustin,
Dwayne,
Dylan,
Ean,
Easton,
Eddie,
Eden,
Edgar,
Edison,
Eduardo,
Edward,
Edwin,
Eli,
Elian,
Elias,
Elijah,
Eliseo,
Elisha,
Elliot,
Elliott,
Ellis,
Emanuel,
Emerson,
Emery,
Emiliano,
Emilio,
Emmanuel,
Emmet,
Emmett,
Emmitt,
Emory,
Enoch,
Enrique,
Enzo,
Ephraim,
Eric,
Erick,
Erik,
Ernest,
Ernesto,
Esteban,
Ethan,
Eugene,
Evan,
Everett,
Ezekiel,
Ezequiel,
Ezra,
Fabian,
Felipe,
Felix,
Fernando,
Finley,
Finn,
Finnegan,
Finnley,
Fisher,
Fletcher,
Flynn,
Ford,
Forrest,
Francis,
Francisco,
Franco,
Frank,
Frankie,
Franklin,
Freddy,
Frederick,
Gabriel,
Gael,
Gage,
Gannon,
Garrett,
Gary,
Gauge,
Gavin,
George,
Gerald,
Gerardo,
Giancarlo,
Gianni,
Gibson,
Gideon,
Gilbert,
Giovani,
Giovanni,
Gordon,
Grady,
Graham,
Grant,
Graysen,
Grayson,
Gregory,
Grey,
Greyson,
Griffin,
Guillermo,
Gunnar,
Gunner,
Gustavo,
Haiden,
Hamza,
Hank,
Harlan,
Harley,
Harold,
Harper,
Harrison,
Harry,
Harvey,
Hassan,
Hayden,
Hayes,
Heath,
Hector,
Hendrix,
Henrik,
Henry,
Hezekiah,
Holden,
Houston,
Hudson,
Hugh,
Hugo,
Hunter,
Huxley,
Ian,
Ibrahim,
Ignacio,
Iker,
Immanuel,
Isaac,
Isaiah,
Isaias,
Ishaan,
Ismael,
Israel,
Issac,
Ivan,
Izaiah,
Jabari,
Jace,
Jack,
Jackson,
Jacob,
Jacoby,
Jaden,
Jadiel,
Jadon,
Jagger,
Jaiden,
Jaime,
Jairo,
Jake,
Jakob,
Jalen,
Jamal,
Jamari,
Jamarion,
James,
Jameson,
Jamie,
Jamir,
Jamison,
Jared,
Jase,
Jasiah,
Jason,
Jasper,
Javier,
Javion,
Javon,
Jax,
Jaxen,
Jaxon,
Jaxson,
Jaxton,
Jay,
Jayce,
Jayceon,
Jayden,
Jaydon,
Jaylen,
Jayson,
Jayvion,
Jaziel,
Jedidiah,
Jefferson,
Jeffery,
Jeffrey,
Jensen,
Jeremiah,
Jeremy,
Jermaine,
Jerome,
Jerry,
Jesse,
Jessie,
Jesus,
Jett,
Jimmy,
Joaquin,
Joe,
Joel,
Joey,
Johan,
John,
Johnathan,
Johnny,
Jon,
Jonael,
Jonah,
Jonas,
Jonathan,
Jonathon,
Jordan,
Jordy,
Jordyn,
Jorge,
Jose,
Joseph,
Joshua,
Josiah,
Josue,
Jovani,
Joziah,
Juan,
Judah,
Jude,
Judson,
Juelz,
Julian,
Julien,
Julio,
Julius,
Junior,
Justice,
Justin,
Justus,
Kade,
Kaden,
Kaeden,
Kai,
Kaiden,
Kaison,
Kaleb,
Kalel,
Kamari,
Kamden,
Kamdyn,
Kameron,
Kamren,
Kamron,
Kamryn,
Kane,
Kannon,
Kareem,
Karson,
Karter,
Kase,
Kasen,
Kash,
Kashton,
Kason,
Kayden,
Kaysen,
Kayson,
Keagan,
Keaton,
Keegan,
Keenan,
Keith,
Kellan,
Kellen,
Kelvin,
Kendall,
Kendrick,
Kenneth,
Kenny,
Kevin,
Khalil,
Kian,
Kieran,
Killian,
King,
Kingsley,
Kingston,
Knox,
Kobe,
Kody,
Kohen,
Kolby,
Kole,
Kolten,
Kolton,
Konnor,
Korbin,
Kristian,
Kristopher,
Kye,
Kylan,
Kyle,
Kylen,
Kyler,
Kymani,
Kyree,
Kyrie,
Kyson,
Lachlan,
Lamar,
Lance,
Landen,
Landon,
Landry,
Landyn,
Lane,
Langston,
Larry,
Lawrence,
Lawson,
Layne,
Layton,
Leandro,
Lee,
Legend,
Leighton,
Leland,
Lennon,
Lennox,
Leo,
Leon,
Leonard,
Leonardo,
Leonel,
Leonidas,
Leroy,
Levi,
Lewis,
Liam,
Lincoln,
Lionel,
Lochlan,
Logan,
London,
Lorenzo,
Louie,
Louis,
Luca,
Lucas,
Lucca,
Lucian,
Luciano,
Luis,
Luka,
Lukas,
Luke,
Lyric,
Mack,
Madden,
Maddox,
Magnus,
Maison,
Major,
Makai,
Malachi,
Malakai,
Malaki,
Malcolm,
Malik,
Manuel,
Marc,
Marcel,
Marcelo,
Marco,
Marcos,
Marcus,
Mario,
Mark,
Markus,
Marley,
Marlon,
Marquis,
Marshall,
Martin,
Marvin,
Mason,
Mateo,
Mathew,
Mathias,
Matias,
Matteo,
Matthew,
Matthias,
Maurice,
Mauricio,
Maverick,
Max,
Maxim,
Maximilian,
Maximiliano,
Maximo,
Maximus,
Maxton,
Maxwell,
Mayson,
Mekhi,
Melvin,
Memphis,
Messiah,
Micah,
Michael,
Micheal,
Miguel,
Milan,
Miles,
Miller,
Milo,
Misael,
Mitchell,
Mohamed,
Mohammad,
Mohammed,
Moises,
Morgan,
Moses,
Moshe,
Muhammad,
Musa,
Mustafa,
Myles,
Nash,
Nasir,
Nathan,
Nathanael,
Nathaniel,
Nehemiah,
Neil,
Nelson,
Neymar,
Nicholas,
Nickolas,
Nico,
Nicolas,
Niko,
Nikolai,
Nikolas,
Nixon,
Noah,
Noe,
Noel,
Nolan,
Oakley,
Odin,
Oliver,
Omar,
Omari,
Orion,
Orlando,
Oscar,
Osvaldo,
Otis,
Otto,
Owen,
Pablo,
Parker,
Patrick,
Paul,
Paxton,
Payton,
Pedro,
Peter,
Peyton,
Philip,
Phillip,
Phoenix,
Pierce,
Porter,
Preston,
Prince,
Princeton,
Quentin,
Quincy,
Quinn,
Quintin,
Quinton,
Rafael,
Raiden,
Ramon,
Randy,
Raphael,
Rashad,
Raul,
Ray,
Rayan,
Rayden,
Raylan,
Raymond,
Reagan,
Reece,
Reed,
Reese,
Reginald,
Reid,
Remington,
Remy,
Rene,
Reuben,
Rex,
Rey,
Reyansh,
Rhett,
Rhys,
Riaan,
Ricardo,
Richard,
Ricky,
Ridge,
Riley,
River,
Robert,
Roberto,
Robin,
Rocco,
Rocky,
Rodney,
Rodolfo,
Rodrigo,
Rogelio,
Roger,
Rohan,
Roland,
Rolando,
Roman,
Romeo,
Ronald,
Ronan,
Ronin,
Ronnie,
Rory,
Rowan,
Rowen,
Roy,
Royal,
Royce,
Ruben,
Rudy,
Russell,
Ryan,
Ryder,
Ryker,
Rylan,
Ryland,
Sage,
Salvador,
Salvatore,
Sam,
Samir,
Samson,
Samuel,
Santana,
Santiago,
Santino,
Santos,
Saul,
Sawyer,
Scott,
Seamus,
Sean,
Sebastian,
Sergio,
Seth,
Shane,
Shaun,
Shawn,
Shiloh,
Silas,
Simon,
Sincere,
Skylar,
Skyler,
Solomon,
Sonny,
Soren,
Spencer,
Stanley,
Stefan,
Stephen,
Sterling,
Stetson,
Steve,
Steven,
Sullivan,
Sutton,
Sylas,
Talon,
Tanner,
Tate,
Tatum,
Taylor,
Terrance,
Terrell,
Terrence,
Terry,
Thaddeus,
Thatcher,
Theo,
Theodore,
Thiago,
Thomas,
Timothy,
Titan,
Titus,
Tobias,
Toby,
Todd,
Tomas,
Tommy,
Tony,
Trace,
Travis,
Trent,
Trenton,
Trevor,
Trey,
Tripp,
Tristan,
Tristen,
Triston,
Troy,
Truman,
Tucker,
Turner,
Ty,
Tyler,
Tyrone,
Tyson,
Ulises,
Uriah,
Uriel,
Urijah,
Valentin,
Valentino,
Van,
Vance,
Vaughn,
Vicente,
Victor,
Vihaan,
Vincent,
Vincenzo,
Vivaan,
Wade,
Walker,
Walter,
Warren,
Waylon,
Wayne,
Wesley,
Westin,
Weston,
Wilder,
Will,
William,
Willie,
Wilson,
Winston,
Wyatt,
Xander,
Xavier,
Xzavier,
Yadiel,
Yahir,
Yahya,
Yehuda,
Yosef,
Yousef,
Yusuf,
Zachariah,
Zachary,
Zackary,
Zaid,
Zaiden,
Zain,
Zaire,
Zander,
Zane,
Zavier,
Zayden,
Zayn,
Zayne,
Zechariah,
Zeke,
Zion