Aaliyah,
Abby,
Abigail,
Abril,
Ada,
Adaline,
Adalyn,
Adalynn,
Addilyn,
Addilynn,
Addison,
Addisyn,
Addyson,
Adelaide,
Adele,
Adelina,
Adeline,
Adelyn,
Adelynn,
Adilynn,
Adley,
Adriana,
Adrianna,
Adrienne,
Aileen,
Aimee,
Ainsley,
Aisha,
Aislinn,
Aitana,
Aiyana,
Alaia,
Alaina,
Alana,
Alani,
Alanna,
Alannah,
Alaya,
Alayah,
Alayna,
Aleah,
Aleena,
Alejandra,
Alena,
Alessandra,
Alexa,
Alexandra,
Alexandria,
Alexia,
Alexis,
Alia,
Aliana,
Alianna,
Alice,
Alicia,
Alina,
Alisha,
Alison,
Alissa,
Alisson,
Alivia,
Aliya,
Aliyah,
Aliza,
Allie,
Allison,
Ally,
Allyson,
Alma,
Alondra,
Alyson,
Alyssa,
Amalia,
Amanda,
Amani,
Amara,
Amari,
Amaris,
Amaya,
Amber,
Amelia,
Amelie,
America,
Amia,
Amina,
Aminah,
Amira,
Amirah,
Amiya,
Amiyah,
Amy,
Amya,
Ana,
Anabella,
Anabelle,
Anahi,
Analia,
Anastasia,
Anaya,
Andi,
Andrea,
Angel,
Angela,
Angelica,
Angelina,
Angeline,
Angelique,
Angie,
Anika,
Aniya,
Aniyah,
Ann,
Anna,
Annabel,
Annabella,
Annabelle,
Annalee,
Annalise,
Anne,
Annie,
Annika,
Ansley,
Anya,
April,
Arabella,
Aranza,
Arden,
Arely,
Aria,
Ariadne,
Ariah,
Ariana,
Arianna,
Ariel,
Ariella,
Arielle,
Ariya,
Ariyah,
Armani,
Arya,
Aryana,
Aryanna,
Ashley,
Ashlyn,
Ashlynn,
Asia,
Aspen,
Astrid,
Athena,
Aubree,
Aubrey,
Aubrianna,
Aubrie,
Aubriella,
Aubrielle,
Audrey,
Audrina,
Aurelia,
Aurora,
Autumn,
Ava,
Avah,
Avalyn,
Avalynn,
Averi,
Averie,
Avery,
Aviana,
Avianna,
Aya,
Ayla,
Ayleen,
Aylin,
Azalea,
Azaria,
Azariah,
Bailee,
Bailey,
Barbara,
Baylee,
Beatrice,
Belen,
Bella,
Bethany,
Bianca,
Blair,
Blake,
Blakely,
Bonnie,
Braelyn,
Braelynn,
Braylee,
Breanna,
Brenda,
Brenna,
Bria,
Briana,
Brianna,
Briar,
Bridget,
Briella,
Brielle,
Briley,
Brinley,
Bristol,
Brittany,
Brooke,
Brooklyn,
Brooklynn,
Bryanna,
Brylee,
Bryleigh,
Brynlee,
Brynn,
Cadence,
Caitlin,
Caitlyn,
Cali,
Callie,
Cameron,
Camila,
Camilla,
Camille,
Camryn,
Cara,
Carla,
Carlee,
Carly,
Carmen,
Carolina,
Caroline,
Carolyn,
Carter,
Casey,
Cassandra,
Cassidy,
Cataleya,
Catalina,
Catherine,
Caylee,
Cecelia,
Cecilia,
Celeste,
Celia,
Celine,
Chana,
Chanel,
Charlee,
Charleigh,
Charley,
Charli,
Charlie,
Charlize,
Charlotte,
Chaya,
Chelsea,
Cherish,
Cheyenne,
Chloe,
Christina,
Christine,
Ciara,
Claire,
Clara,
Clare,
Clarissa,
Claudia,
Clementine,
Colette,
Collins,
Cora,
Coraline,
Cordelia,
Corinne,
Courtney,
Crystal,
Cynthia,
Dahlia,
Daisy,
Dakota,
Dalary,
Daleyza,
Dallas,
Dana,
Danica,
Daniela,
Daniella,
Danielle,
Danna,
Daphne,
Dayana,
Deborah,
Delaney,
Delilah,
Demi,
Denise,
Desiree,
Destiny,
Diana,
Dixie,
Dorothy,
Dulce,
Dylan,
Eden,
Edith,
Eileen,
Elaina,
Elaine,
Eleanor,
Elena,
Eliana,
Elianna,
Elin,
Elisa,
Elisabeth,
Elise,
Eliza,
Elizabeth,
Ella,
Elle,
Ellen,
Elliana,
Ellie,
Elliot,
Elliott,
Ellis,
Ellison,
Eloise,
Elora,
Elsa,
Elsie,
Elyse,
Ember,
Emelia,
Emely,
Emerie,
Emerson,
Emersyn,
Emery,
Emilee,
Emilia,
Emilie,
Emily,
Emma,
Emmalee,
Emmaline,
Emmalyn,
Emmalynn,
Emmeline,
Emmy,
Emory,
Erica,
Erika,
Erin,
Esme,
Esmeralda,
Esperanza,
Estella,
Estelle,
Esther,
Estrella,
Eva,
Evalyn,
Evangeline,
Eve,
Evelyn,
Evelynn,
Everleigh,
Everly,
Evie,
Faith,
Farrah,
Fatima,
Faye,
Felicity,
Fernanda,
Finley,
Fiona,
Frances,
Francesca,
Frankie,
Freya,
Frida,
Gabriela,
Gabriella,
Gabrielle,
Galilea,
Gemma,
Genesis,
Genevieve,
Georgia,
Gia,
Giana,
Gianna,
Giavanna,
Giovanna,
Giselle,
Giuliana,
Gloria,
Grace,
Gracelyn,
Gracelynn,
Gracie,
Greta,
Guadalupe,
Gwen,
Gwendolyn,
Hadassah,
Hadlee,
Hadleigh,
Hadley,
Hailee,
Hailey,
Haley,
Halle,
Hallie,
Hana,
Hanna,
Hannah,
Harlee,
Harley,
Harlow,
Harmoni,
Harmony,
Harper,
Hattie,
Haven,
Hayden,
Haylee,
Hayley,
Hazel,
Heather,
Heaven,
Heavenly,
Heidi,
Helen,
Helena,
Henley,
Holland,
Holly,
Hope,
Hunter,
Iliana,
Imani,
Ingrid,
Ireland,
Irene,
Iris,
Isabel,
Isabela,
Isabella,
Isabelle,
Isla,
Itzel,
Ivanna,
Ivory,
Ivy,
Izabella,
Jacqueline,
Jada,
Jade,
Jaelyn,
Jaelynn,
Jaida,
Jaliyah,
Jamie,
Jane,
Janelle,
Janessa,
Janiya,
Janiyah,
Jasmin,
Jasmine,
Jaycee,
Jayda,
Jayde,
Jayden,
Jayla,
Jaylah,
Jaylee,
Jayleen,
Jaylene,
Jaylin,
Jaylynn,
Jazlyn,
Jazlynn,
Jazmin,
Jazmine,
Jemma,
Jenna,
Jennifer,
Jenny,
Jessa,
Jessica,
Jessie,
Jewel,
Jillian,
Jimena,
Joanna,
Jocelyn,
Jocelynn,
Johanna,
Jolene,
Jolie,
Jordan,
Jordyn,
Jordynn,
Joselyn,
Josephine,
Josie,
Joslyn,
Journee,
Journey,
Joy,
Joyce,
Judith,
Julia,
Juliana,
Julianna,
Julianne,
Julie,
Juliet,
Julieta,
Juliette,
Julissa,
June,
Juniper,
Justice,
Kadence,
Kaelyn,
Kaelynn,
Kai,
Kaia,
Kailani,
Kailee,
Kailey,
Kailyn,
Kairi,
Kaitlyn,
Kaitlynn,
Kaiya,
Kalani,
Kali,
Kaliyah,
Kallie,
Kamila,
Kamryn,
Kara,
Karen,
Karina,
Karla,
Karlee,
Karlie,
Karsyn,
Karter,
Kassandra,
Kassidy,
Katalina,
Kate,
Katelyn,
Katelynn,
Katherine,
Kathleen,
Kathryn,
Katie,
Kaya,
Kayden,
Kaydence,
Kayla,
Kaylee,
Kayleigh,
Kaylie,
Kaylin,
Kaylynn,
Keira,
Kelly,
Kelsey,
Kendall,
Kendra,
Kenia,
Kenley,
Kenna,
Kennedi,
Kennedy,
Kensington,
Kensley,
Kenya,
Kenzie,
Keyla,
Khaleesi,
Khloe,
Kiana,
Kiara,
Kiera,
Kiley,
Kimber,
Kimberly,
Kimora,
Kinley,
Kinslee,
Kinsley,
Kira,
Kora,
Kori,
Kristen,
Kristina,
Kyla,
Kylee,
Kyleigh,
Kylie,
Kyndall,
Kynlee,
Kyra,
Lacey,
Laila,
Lailah,
Lainey,
Lana,
Landry,
Laney,
Lara,
Laura,
Laurel,
Lauren,
Lauryn,
Layla,
Laylah,
Lea,
Leah,
Leanna,
Leia,
Leighton,
Leila,
Leilani,
Lena,
Lennon,
Lennox,
Leona,
Leslie,
Lexi,
Lexie,
Leyla,
Lia,
Liana,
Libby,
Liberty,
Lila,
Lilah,
Lilia,
Lilian,
Liliana,
Lilianna,
Lilith,
Lillian,
Lilliana,
Lillianna,
Lillie,
Lilly,
Lily,
Lilyana,
Lilyanna,
Lina,
Linda,
Lindsay,
Lindsey,
Lisa,
Liv,
Livia,
Lizbeth,
Logan,
Lola,
London,
Londyn,
Lorelai,
Lorelei,
Louisa,
Lucia,
Luciana,
Lucille,
Lucy,
Luna,
Luz,
Lydia,
Lyla,
Lylah,
Lyra,
Lyric,
Mabel,
Maci,
Macie,
Mackenzie,
Macy,
Madalyn,
Madalynn,
Maddison,
Madeleine,
Madeline,
Madelyn,
Madelynn,
Madilyn,
Madilynn,
Madison,
Madisyn,
Madyson,
Mae,
Maeve,
Maggie,
Magnolia,
Maia,
Maisie,
Makayla,
Makenna,
Makenzie,
Malaya,
Malaysia,
Maleah,
Malia,
Maliah,
Maliyah,
Mallory,
Mara,
Margaret,
Margot,
Maria,
Mariah,
Mariam,
Mariana,
Marianna,
Marie,
Marilyn,
Marina,
Marisol,
Marissa,
Mariyah,
Marjorie,
Marlee,
Marleigh,
Marley,
Martha,
Mary,
Maryam,
Matilda,
Maya,
Mckenna,
Mckenzie,
Mckinley,
Meadow,
Megan,
Meilani,
Melanie,
Melany,
Melina,
Melissa,
Melody,
Meredith,
Mia,
Miah,
Micah,
Michaela,
Michelle,
Mikaela,
Mikayla,
Mila,
Milan,
Milana,
Milani,
Milania,
Milena,
Millie,
Mina,
Mira,
Miracle,
Miranda,
Miriam,
Miya,
Molly,
Monica,
Monroe,
Monserrat,
Montserrat,
Morgan,
Moriah,
Mya,
Myah,
Myla,
Myra,
Nadia,
Nala,
Nancy,
Naomi,
Natalee,
Natalia,
Natalie,
Nataly,
Natasha,
Nathalia,
Nathalie,
Nathaly,
Naya,
Nayeli,
Neriah,
Nevaeh,
Nia,
Nicole,
Nina,
Noa,
Noelle,
Noemi,
Nola,
Noor,
Nora,
Norah,
Nova,
Nyla,
Nylah,
Oakley,
Olive,
Olivia,
Ophelia,
Paige,
Paislee,
Paisley,
Paityn,
Paloma,
Paola,
Paris,
Parker,
Patricia,
Paula,
Paulina,
Payton,
Pearl,
Penelope,
Penny,
Perla,
Peyton,
Phoebe,
Phoenix,
Piper,
Presley,
Princess,
Priscilla,
Quinn,
Rachel,
Raegan,
Raelyn,
Raelynn,
Raina,
Raquel,
Raven,
Rayna,
Reagan,
Rebecca,
Rebekah,
Reese,
Regina,
Reina,
Remi,
Remington,
Remy,
Renata,
Reyna,
Rhea,
Riley,
River,
Rivka,
Romina,
Rory,
Rosa,
Rosalie,
Rose,
Roselyn,
Rosemary,
Rosie,
Rowan,
Royal,
Ruby,
Ruth,
Ryan,
Ryann,
Rylan,
Rylee,
Ryleigh,
Rylie,
Sabrina,
Sadie,
Sage,
Saige,
Salma,
Samantha,
Samara,
Sandra,
Saniyah,
Sara,
Sarah,
Sarahi,
Sarai,
Sariah,
Sariyah,
Sasha,
Savanna,
Savannah,
Sawyer,
Saylor,
Scarlet,
Scarlett,
Scarlette,
Selah,
Selena,
Serena,
Serenity,
Sharon,
Shayla,
Shelby,
Shiloh,
Sidney,
Siena,
Sienna,
Sierra,
Simone,
Sky,
Skye,
Skyla,
Skylar,
Skyler,
Sloan,
Sloane,
Sofia,
Sophia,
Sophie,
Stella,
Stephanie,
Stevie,
Summer,
Susan,
Sutton,
Sydney,
Sylvia,
Tabitha,
Talia,
Taliyah,
Tara,
Tatiana,
Tatum,
Taya,
Teagan,
Tegan,
Tenley,
Teresa,
Tessa,
Thalia,
Thea,
Tiana,
Tiffany,
Tinley,
Tori,
Trinity,
Valentina,
Valeria,
Valerie,
Vanessa,
Veda,
Vera,
Veronica,
Victoria,
Vienna,
Violet,
Virginia,
Vivian,
Viviana,
Vivienne,
Wendy,
Whitney,
Willa,
Willow,
Winter,
Wren,
Wynter,
Ximena,
Yamileth,
Yareli,
Yaretzi,
Yaritza,
Yasmin,
Zahra,
Zainab,
Zaniyah,
Zara,
Zaria,
Zariah,
Zariyah,
Zaylee,
Zelda,
Zendaya,
Zion,
Zoe,
Zoey,
Zoie,
Zuri